From,To,Distance_km,Duration_min
BUU(Start),P17,159.85160000000002,140.52
P17,P18,5.8607,8.785
P18,P9,19.3368,29.095000000000002
P9,P16,2.1593,3.3066666666666666
P16,P8,5.5415,9.801666666666668
P8,P4,19.4939,31.258333333333333
P4,P5,5.0355,9.201666666666666
P5,P2,9.4336,18.956666666666667
P2,P11,16.9952,32.515
P11,P14,33.025400000000005,33.43833333333333
P14,P12,27.674799999999998,23.956666666666667
P12,P13,11.155899999999999,16.029999999999998
P13,P10,7.863899999999999,10.76
P10,P15,5.4376999999999995,9.808333333333334
P15,P6,6.1816,15.768333333333334
P6,P7,14.5174,28.83
P7,P3,18.091900000000003,30.653333333333332
P3,P1,11.5225,17.691666666666666
P1,จุดส่งตัวอย่างน้ำ,125.7581,103.02333333333333
จุดส่งตัวอย่างน้ำ,BUU(End),13.149700000000001,14.178333333333335
