From,To,Distance_km,Duration_min
Start,P16,4.648,6.736666666666666
P16,P18,6.0448,7.541666666666667
P18,P4,4.554,7.866666666666666
P4,P3,0.014,0.03166666666666666
P3,P2,0.9362,2.353333333333333
P2,P17,1.6345,3.615
P17,P6,26.5628,28.56833333333333
P6,P5,4.6846000000000005,9.335
P5,P7,14.3339,22.465
P7,P8,3.9469000000000003,7.873333333333333
P8,P1,29.230400000000003,45.94166666666667
P1,P13,51.2926,68.71166666666666
P13,P14,1.8667,5.593333333333334
P14,P9,0.41,2.4733333333333336
P9,P15,2.2271,13.365
P15,P12,3.3952,7.515
P12,P11,6.5298,10.365
P11,P10,1.6179000000000001,3.878333333333333
P10,จุดส่งตัวอย่างน้ำ,125.4498,95.99833333333332
จุดส่งตัวอย่างน้ำ,BUU(End),13.149700000000001,14.178333333333335
