From,To,Distance_km,Duration_min
BUU(Start),P10,122.60730000000001,99.03833333333334
P10,P17,10.015,16.38
P17,P4,9.401,18.521666666666665
P4,P11,8.7705,10.665
P11,P15,9.866200000000001,10.026666666666667
P15,P13,11.9409,13.513333333333332
P13,P3,7.7246999999999995,8.695
P3,P1,2.5254000000000003,5.026666666666667
P1,P14,3.5109,8.48
P14,P5,7.5887,12.088333333333333
P5,P2,4.0537,6.155
P2,P18,2.5702,7.6433333333333335
P18,P9,15.5899,21.65666666666667
P9,P6,4.4167,8.628333333333334
P6,P7,0.042,0.1
P7,P8,5.5367,13.631666666666666
P8,P12,8.4326,16.556666666666665
P12,P16,6.5161999999999995,10.516666666666667
P16,จุดส่งตัวอย่างน้ำ,99.2504,81.32333333333332
จุดส่งตัวอย่างน้ำ,BUU(End),13.149700000000001,14.178333333333335
