From,To,Distance_km,Duration_min
BUU(Start),P14,99.7152,81.28333333333333
P14,P6,12.5328,17.878333333333334
P6,P15,13.188600000000001,19.85666666666667
P15,P16,8.395,9.731666666666666
P16,P11,6.1428,7.141666666666667
P11,P10,15.824200000000001,20.195
P10,P9,5.7962,12.979999999999999
P9,P20,11.0159,14.225
P20,P18,4.103800000000001,10.128333333333334
P18,P19,0.6447,1.5416666666666667
P19,P21,0.8116,1.9783333333333333
P21,P22,1.6709,4.236666666666666
P22,P12,1.5402,3.9866666666666664
P12,P17,0.4629,1.2116666666666667
P17,P13,10.4209,12.601666666666667
P13,P7,13.472100000000001,15.313333333333333
P7,P8,12.0654,14.601666666666667
P8,P2,3.8184,5.321666666666667
P2,P3,6.0904,10.78
P3,P4,2.6696999999999997,6.496666666666667
P4,P1,7.41,17.55
P1,P5,6.8623,11.163333333333332
P5,จุดส่งตัวอย่างน้ำ,79.6892,71.97833333333332
จุดส่งตัวอย่างน้ำ,BUU(End),13.149700000000001,14.178333333333335
