From,To,Distance_km,Duration_min
Start,P9,8.075800000000001,13.241666666666667
P9,P8,1.5977000000000001,5.37
P8,P7,0.9954,3.7883333333333336
P7,P10,0.6236,1.43
P10,P6,1.7366,4.24
P6,P1,2.3911,4.708333333333333
P1,P4,0.016,0.03833333333333333
P4,P2,0.9223,2.6483333333333334
P2,P12,2.219,6.401666666666667
P12,P13,1.4883,3.6966666666666668
P13,P15,4.204,7.586666666666667
P15,P11,3.3953,8.27
P11,P14,1.9223,4.723333333333333
P14,P3,7.6322,13.176666666666668
P3,P5,6.147600000000001,5.776666666666667
P5,P16,6.2936000000000005,6.8566666666666665
P16,P17,3.2291,4.2
P17,P18,0.31389999999999996,0.9166666666666666
P18,P19,7.0975,7.903333333333333
P19,จุดส่งตัวอย่างน้ำ,151.8501,113.565
จุดส่งตัวอย่างน้ำ,BUU(End),13.149700000000001,14.178333333333335
